item,value
accionar,18
considerando,3
referido,2
confesado,18
fueron,419
fueron formulados,1
formulados,1
contaron,1
estuviera,1
permite,1
permite predicar,1
predicar,1
realizado,11
procede,12
declarar,2
viene,2
comprende,1
delinquir,41
son,34
iiii,1
teniendo,37
considera,8
resuelve,13
atendiendo,11
derivaron,1
tiene,48
integró,3
paramilitar,110
ostentar,2
posteriormente hizo,1
hizo,60
conformar,2
destacándose,1
informó,47
dio,92
regresó,23
culminar,1
decide,12
decide seguirlos,1
seguirlos,1
dar,16
suministrando,1
decidió,36
decidió crear,1
crear,4
organizando,2
informar,6
denunciar,6
relató,4
combatir,5
llegó,88
conformado,1
propusieron,5
propusieron adherirse,1
adherirse,1
establecer,25
estaban,39
expandirse,1
expandirse incursionaron,1
incursionaron,38
partió,3
protegerse,1
propuso,11
equipar,1
permanecer,3
encontró,25
suministrar,6
dividir,1
realizar,30
iban,46
salir,93
entrar,15
abordar,13
llevó,52
acompañando,1
manifestó,203
apoyar,2
señaló,52
financió,1
constituyó,3
aclaró,2
era,398
expuso,1
interceptado,79
secuestrarlo,1
percatarse,4
emprendió,4
enfrentaron,1
logrando,7
logrando dar,1
logró,13
logró incrementar,1
incrementar,1
fueron entregados,22
entregados,26
presentó,199
narró,1
propició,1
llegaron,213
replicar,1
perdió,7
decidió vincularse,1
vincularse,17
mantener,3
instaló,4
permitió,15
permitió mantener,1
logró captar,1
captar,1
contactaron,1
consolidar,3
aceptó,167
conservar,1
tuvo,85
asistieron,4
propusieron hacer,1
hacer,52
apoyarían,1
informó aceptó,1
tomar,12
fuera,31
había,147
había demostrado,1
demostrado,1
había demostrado ser,1
demostrado ser,1
ser,309
solicitaron,11
debía,17
debía tener,1
tener,33
llevaría,5
realizó,31
también hicieron,1
hicieron,53
asignado,24
ya era,8
operó,6
fungiendo,2
utilizar,1
posteriormente quedó,2
quedó,20
puso,9
lograron,5
transformó,1
pasó,10
haciendo,21
da,94
daría,1
desplazar,6
vikingo,1
dando,9
conocido,40
registra,109
coordinar,2
acreditado,1
ejecutar,7
dicho,1
han,29
han proferido,3
proferido,3
formulado,3
abstuvo,5
formular,4
lozada,53
desertó,2
ingresar,22
asignó,5
levantaron,1
enviado,7
reforzar,1
conoció,61
enterándose,4
dirigieron,14
regresa,9
iniciar,3
desarrollar,3
partir,1
asume,47
estuvo,28
incursionando,2
dieron,64
despojaron,7
permanece,5
incorporarse,1
viaja,2
recibe,4
entrega,2
sale,11
disfrutar,1
reintegrarse,1
creó,2
dirigió,14
desempeñó,10
ordena,15
ordena organizar,1
organizar,3
desempeñándose,2
recibir,13
logra,11
logra consolidar,1
contar,2
dada,15
aplicó,1
llegar,32
controlar,1
no era,19
decidió ingresar,1
transportar,6
trasladar,2
entrenado,2
trasladado,18
ascendido,3
incursionaría,1
así tomar,1
capturado,5
son recluidos,1
recluidos,1
recobraron,1
paramilitar tomando,1
tomando,6
recluido,1
liberado,4
aprovechando,7
haber,62
haber simulado,1
simulado,1
ejecutaron,6
permitió retomar,1
retomar,1
fortaleció,1
superó,1
convirtiendo,1
recibió,75
trasladarse,18
negociaron,1
desmovilizó,20
condenó,5
atribuir,1
probar,1
adhirió,1
colaborar,5
vinculó,15
manifestó había,1
profirió,9
delinquir no,1
fundamentó,1
ingresó,36
prestó,2
adujo,4
perteneció,24
no formuló,5
formuló,1084
impuso,3
acreditó,1
fungió,2
asumió,22
condenado,5
corresponde,9
refiere,46
poner,5
laboró,4
materializó,1
estima,1
imponer,2
posicionado,1
verificó,4
incautado,1
evidenció,2
conlleva,1
actuar,32
actuar respetando,1
respetando,1
integrar,4
destacó,1
convertirse,1
nombrado,1
sucediendo,1
falleció,5
vio,49
delegar,1
continuó,11
continuó recibiendo,1
recibiendo,10
permaneció,42
produjo,114
profirieron,2
ramon,2
tomó,8
ejerció,13
espació,1
brindar,2
desertar,1
requerido,2
imponiéndole,1
cobijando,1
allí participó,1
participó,8
dividió,1
posteriormente entregó,1
entregó,20
luego viajó,1
viajó,4
encontrándose,8
sido,61
sido condenado,2
puesto,3
sanchez,4
ostentando,1
operando,2
aceptado,16
organización,1
organización paramilitar,1
haber sido,12
haber sido desplazado,1
sido desplazado,1
desplazado,11
ingresando,5
invitado,1
también estuvo,2
desmovilizó colectivamente estando,1
colectivamente estando,1
estando,21
observa,7
entiende,6
paramilitar continuó,2
circunscribirá,1
arribaron,33
procedieron,161
desplazarlo,1
realizaron,6
designado,2
hernando,2
dijo,56
dijo resultaron,1
resultaron,13
voluntaria,1
libremente aceptaron,1
aceptaron,9
trata,68
hace,24
cometa,1
resulta,7
verificarse,1
soporta,2
argumentando,3
eran,100
consagra,5
concierten,1
cometer,12
será,3
será penada,1
penada,1
sea,2
organizar promover,1
promover,1
organizar promover armar,1
promover armar,1
armar,1
financiar,1
concluye,9
comoquiera,1
respectivamente no había,1
no había,6
había adquirido,1
adquirido,1
respectivamente no había adquirido,1
no había adquirido,1
regir,1
modificó,1
reitera,1
aplicará,1
aclara,2
logra verificar,1
verificar,4
organizaron,3
manifestado,1
punibiliza,1
informa,49
cierne,1
implica,2
orienta,1
deriva,3
permitieron,14
permitieron verificar,1
confederó,1
hizo llamar,1
llamar,5
dejaron,23
finalmente estimuló,1
estimuló,1
dispone,1
dispone legalizar,1
legalizar,1
resuelto,1
óp,1
destaca,3
fueron cometidos,10
cometidos,10
considerar,3
así fueron,3
fueron aceptados,4
aceptados,4
así fueron aceptados,3
aplicarse,4
comporta,5
respecta,3
constata,3
tipificada,3
contemplando,6
enmarcada,3
legalizados,3
aún subsiste,2
subsiste,2
corresponda,2
compone,2
consideró,2
adecuaron,2
especificado,2
deben,5
deben diferenciar,2
diferenciar,2
atacar,2
involucrar,2
no consagra,2
establece,16
retener,10
no están,2
están,9
humanizar,2
proteger,3
han constituido,2
constituido,2
han sido,9
han sido compiladas,2
sido compiladas,2
compiladas,2
encuentren,3
no incluye,2
incluye,4
prohíbe,2
prohíbe destruir,2
destruir,5
confiscar,2
no ser,5
exija,4
no estén,2
estén,2
obtener,7
correspondería,3
conoce,13
deben respetarse,2
respetarse,2
no pueden,2
pueden,4
pueden confiscarse,2
confiscarse,2
no pueden confiscarse,2
no son,2
art,6
cp,6
predica,4
fueron afectados,2
afectados,2
fueron hurtados,5
hurtados,6
decir,6
entenderse,3
atendió,5
no poseer,3
poseer,3
haya,12
haya solicitado,3
solicitado,6
procederá,3
legalizarlo,3
impondrá,6
confrontar,4
sorprendido,18
mediar,17
disparó,12
dejándolo,1
dejándolo gravemente herido,1
gravemente herido,1
herido,1
más tarde falleció,1
tarde falleció,1
impactado,1
suspendida,3
trae,6
fallece,3
practica,1
reporta,170
amplía,4
relata,118
resultó,42
revisados,1
remitido,2
fotomecánica,5
oficina,1
indica,95
recopila,3
peralta,1
secuestrado,5
hallado,10
conduce,42
renunciar,3
abandonar,76
declarado,8
eran trasladadas,1
trasladadas,8
enojó,1
devolverlo,1
trajeron,3
asesinó,17
sigue,5
hallaron,9
dispararle,5
ocasionándole,15
indicó,10
indicó ser,1
corroboró,1
elaboró,2
debían,26
debían ser,1
debían ser asesinados,1
ser asesinados,5
asesinados,49
asesinarlo,50
aspu,1
aspu sintraunicol,1
sintraunicol,1
formularon,58
ultimarlo,1
desplazó,188
planeó,6
aportaron,61
expulsión,73
laborando,11
sacarlo,4
darle,24
ejecutó,16
desplazarse,134
afirma,34
ejecutado,5
bolívar,7
asesinado,139
ubicaron,9
entró,6
procedió,41
hurtar,7
sabe,16
debió,11
estaba,101
estaba comprando,1
comprando,2
art135,1
impactarlo,8
dándose,2
ocurre,5
aduce,8
propinaron,10
permitieron establecer,6
había instaurado,3
instaurado,3
acta,151
titula,12
salió,189
citó,7
suministrarle,2
estacionar,1
abordado,42
preguntarle,6
esperando,6
manifiesta,51
acepta,197
acepta haber,2
acepta haber dado,1
haber dado,3
dado,23
alegando,2
alegando tener,1
ingresaron,52
afirmó,12
confesó,67
amarraron,26
llevaron,220
ordenó,50
expedir,1
fraudulenta,1
cadáver,61
informe,259
hija,7
dvd-147,1
dispararon,23
produjeron,6
estarían,1
había sido,17
había sido amenazado,3
sido amenazado,3
amenazado,11
cuenta,43
propinó,9
encuentra,42
camilo,1
estaban haciendo,2
llamó,6
aseguró,4
había reportado,1
reportado,7
además obran,5
obran,14
inscrito,6
clip,45
realizará,1
allí fueron,6
fueron atendidos,1
atendidos,1
allí fueron atendidos,1
impactada,1
ocasionaron,27
estableció,7
obedeció,13
participaron,22
alex,13
asesinar,38
ser señalada,3
señalada,46
alfonso,36
ayudó,1
identificar,6
ser ubicados,1
ubicados,1
fueron trasladados,3
trasladados,8
fueron asesinados,35
rinde,41
llegando,8
ubicar,18
castellar,9
fueron interceptados,26
interceptados,26
finalmente dio,2
asesinarlos,21
señala,30
entregarle,1
precisó,10
haber suministrado,1
suministrado,2
obedecieron,3
disparar,5
registró,14
cumplir,15
habían,107
habían sido,11
habían sido citadas,1
sido citadas,1
citadas,2
acudido,1
aceptar,9
reportaron,1
informándole,3
habían sido señaladas,1
sido señaladas,1
señaladas,5
portando,23
procediendo,11
derribar,4
apoderarse,5
encontraron,28
fueron ejecutados,1
ejecutados,1
agregó,4
optaron,3
fueron reportados,1
reportados,1
encontrado,24
pertenecer,16
presenten,1
fueron sorprendidas,4
sorprendidas,4
había dado,10
ya habían,7
habían intentado,1
intentado,1
ya habían intentado,1
habían intentado asesinarlo,1
intentado asesinarlo,1
ya habían intentado asesinarlo,1
intervinieron,1
abordaron,4
manifestó haberle,1
haberle,2
manifestó haberle dado,1
haberle dado,2
disfrazarse,1
así proceder,1
proceder,8
efectivamente ocurrió,1
ocurrió,54
señalado,11
acepta haber sido,1
había recibido,5
recibido,21
además figura,1
figura,21
afirmó haber,2
afirmó haber sido,1
tratar,4
intervenir,1
pupy,1
fuera asesinado,2
desempeñando,5
afirmó haber recibido,1
haber recibido,5
iba,29
iba conduciendo,1
conduciendo,2
disparó ocasionándole,1
era señalada,13
manifestó haber,4
manifestó haber sido,2
manifestó haber sido informado,1
haber sido informado,1
sido informado,1
informado,3
huyeron,4
frustrar,1
contactó,2
entender,1
puesta,1
no podía,4
podía,6
podía relacionarse,1
relacionarse,1
no podía relacionarse,1
asfixiarlo,1
asfixiarlo enrollando,1
enrollando,1
causarle,9
seguidamente ubicaron,1
pareciera,1
trató,5
advirtió,2
ser remitido,1
debía ser,2
debía ser asesinado,2
ser asesinado,6
ya estaba,4
contrató,2
no eran,6
inhibe,1
abrir,4
haber participado,8
participado,10
disparo,5
causándole,16
aceptó haber,3
aceptó haber cometido,1
haber cometido,2
cometido,11
cayó,2
fuere,2
fuere victima,1
victima,21
profiere,2
condena,5
aceptó haber sido,1
coordinó,1
no formulo,1
formulo,1
asesinaron,93
haber denunciado,1
denunciado,1
capturarlo,1
logró fugarse,1
fugarse,2
departiendo,11
llevarlo,4
atarlo,2
aceptó haberle,1
aceptó haberle dado,1
hospedó,1
sorprendió,1
sorprendió disparándole,1
disparándole,4
huyendo,9
interceptada,22
trasladaron,51
asesinada,25
aceptó haber participado,1
manifestó haber recibido,1
haber salido,1
salido,2
había participado,1
había ordenado,1
ordenado,6
había ordenado ejecutar,1
ordenado ejecutar,1
quemar,1
había vuelto,1
vuelto,2
amarrarlo,3
trasladarlo,5
no oficio,1
oficio,1
comercializar,2
reconoció,18
cesar,20
era robado,1
robado,5
había visto,1
visto,6
había visto hablando,1
visto hablando,1
hablando,2
ordenó asesinarlo,2
extorsionando,1
quitaron,5
ronco,1
fuera retenido,1
retenido,69
posteriormente entregaron,2
entregaron,14
haciéndolo,2
haciéndolo pasar,1
pasar,15
exigieron,15
registrar,3
ordenó buscar,1
buscar,22
hacerlo,3
hacerlo pasar,1
engañar,1
contratarlo,1
allí procedió,1
diciéndoles,3
hicieron pasar,4
rada,1
había solicitado,2
pat-2001,1
titula había,1
titula había recibido,1
confiesa,59
posteriormente huir,1
huir,12
había contratado,1
contratado,1
ser abogado,1
abogado,1
hallaron muerto,1
muerto,6
interceptó,4
pendiendo,1
había ingresado,3
ingresado,6
ahorcada,1
dejado,9
dejado colgando,1
colgando,1
sorprendida,9
encontrando,14
impactarla,1
camacho,4
también aceptó,2
bajarla,1
aceptaron ser,2
charris,30
despojar,1
pide,2
pide detener,1
detener,6
produciéndole,1
caribe,1
titulado,1
ir,21
allí procedieron,7
apropiarse,10
seguidamente sacaron,1
sacaron,54
asesinarla,5
pabon,2
contactado,6
recoger,16
negó,15
seguir,9
seguir pagando,1
pagando,1
cadáver no,7
residir,1
fingiendo,1
fingiendo acercarse,1
acercarse,1
comprar,7
producirle,1
descansando,2
acercó,4
pidió,9
cogió,4
degolló,1
degolló quitándole,1
quitándole,1
inmediatamente después intento,1
después intento,1
intento,1
intento asesinar,1
inmediatamente después intento asesinar,1
después intento asesinar,1
defendió,2
gritar,2
capturaron,1
llama,4
dice,29
ocurrieron,25
arrendó,1
remodelaron,1
vencerse,1
pedimos,2
entregar,10
mandó,1
amenazar,3
no quiso,3
quiso,5
quiso vender,1
vender,15
no quiso vender,1
después llegaron,5
hablar,8
llegamos,10
abrieron,4
maniataron,2
hicieron firmar,1
firmar,3
matar,17
soltaron,4
dijeron,28
salvar,4
agrega,5
obligaron,66
corroborada,1
describe,6
aprovecharon,4
quiso someterse,1
someterse,3
no quiso someterse,1
venderles,1
dejarlo,3
parecer,30
omega,1
llamo,4
debía venderle,1
venderle,2
había hecho,8
hecho,17
citar,1
no iba,3
iba asistir,1
asistir,9
no iba asistir,1
ver,10
recogieron,1
solicito,3
estaba cortando,1
cortando,1
propino,2
forcejear,1
tomaron,5
había fallecido,2
fallecido,2
no había fallecido,1
habían dejado,1
irse,16
terminar,4
iban llegando,1
averiguaron,1
enteraron,5
acercaron,7
matarlo,4
además participaron,1
pulga,1
transmitió,2
apertura,2
avoca,5
causaron,15
había contactado,1
debían matar,1
había robado,2
define,1
lacera,1
califica,1
confirma,3
campo,2
no debían,2
debían ir,1
no debían ir,1
sucedió,13
manigua,1
temprano partieron,1
partieron,1
hablaron,2
regresaron,14
regresaron nunca supimos,1
nunca supimos,1
supimos,1
habló,6
siguieron,2
comunicarse,1
agacharon,1
revisaron,3
atribuimos,1
han cumplido,2
cumplido,3
sé,6
también tuvo,1
denunciándolo,1
ocupar,2
surgió,1
opuso,5
finalmente materializaron,1
materializaron,1
utilizando,6
reconoce,109
pusieran,1
enteró,11
saber,17
comunicó,11
habían cumplido,1
quedando,11
averiguar,15
diagrama,1
mercedes,3
rojas,2
mendoza383,1
denuncia,103
andrea,2
fueron sorprendidos,13
sorprendidos,13
fuera acompañar,1
acompañar,2
encontramos,3
estaban ahí incluyendo,1
ahí incluyendo,1
incluyendo,2
estaban consumiendo,1
consumiendo,1
quisieron,1
percataron,1
desenfundando,1
enteramos,1
diéramos,2
enuncie,1
llegue,3
acompañaron,1
iba hacer,4
no iba hacer,1
iba hacer era,1
hacer era,1
iba hacer era llevar,1
hacer era llevar,1
era llevar,1
llevar,16
voló,1
recibieron,17
no quiero,1
quiero,1
quiero decir,1
no quiero decir,1
estuvieran,1
sucedieron,35
no había sido,1
había sido comentado,1
sido comentado,1
comentado,1
no había sido comentado,1
hubiese,1
hubiese sucedido,1
sucedido,3
estaba atacando,1
atacando,1
haya sucedido,1
cree,3
están haciendo,1
raickard,2
fueron encontrados,13
encontrados,13
pernoctando,1
atado,2
acceder,12
pasamos,1
entrar ahí no encontramos,1
ahí no encontramos,1
no encontramos,1
había caído,1
caído,1
dimos,6
procedimos,1
ahí dimos,1
quedé,1
sacamos,9
dispare,4
allá también procedieron,1
también procedieron,1
colocó,4
demostrar,3
toco,2
toco matarlo,1
tuvieron,24
llevarnos,1
iba avisar,1
avisar,2
había violado,2
violado,2
estuvieron,7
llevamos,7
dirigimos,2
estaba huyendo,1
damos,2
roberto,8
barraza,5
interrogaron,4
sometido,7
introdujeron,4
rompió,1
posteriormente pintaron,1
pintaron,2
hurtar ganado,1
ganado,3
cometimos,1
reunimos,1
no tengo,4
tengo,5
torturamos,1
disparamos,2
fuimos,2
voy,1
vamos,5
traemos,1
asesinamos,2
pintar,1
hacíamos,1
habían metido,2
metido,2
dispara,2
empujamos,1
dejamos,2
identificado,7
muestra,3
dejando,87
cobrar,3
estaba robando,2
robando,4
estaban robando,1
ubica,5
dirijo,2
queda,6
asesino,1
muere,5
dejo,2
entro,1
asegurarlo,1
andaba,1
andaba robando,1
acepto,19
ratifico,3
seguidamente fueron,1
fueron llevados,1
llevados,4
seguidamente fueron llevados,1
admitió,2
desplazamos,2
abrimos,1
entramos,2
no estuvo,1
alias,10
habían hecho,6
asesinaran,6
no recuerdo,8
recuerdo,8
eran eran,1
todavía eran,1
jorge,1
jorge ignacio,1
ignacio,1
asesinen,2
quedamos,1
no sé,3
habían robado,2
cataño llevamos,1
amarramos,1
pateamos,1
acompañe,1
resiste,1
había tenido,2
tenido,14
habían hurtado,2
hurtado,6
informaron,11
cometieron,9
cataño roberto,1
practicada,3
noticiando,1
eran acusados,1
acusados,3
había desertado,1
desertado,2
participe,1
no dispare,1
dispare preste,1
preste,1
no dispare preste,1
admito,1
salió huyendo,1
también era,2
boletear,1
acepte,1
escapó,1
procedí,1
metimos,1
ahí asesinamos,1
va,8
ortiz,23
manda,1
metemos,1
pega,1
quita,3
pudieron,7
pudieron asesinar,1
recomienda,1
ya lleva,1
lleva,13
descargaran,1
quedo,1
quedo afuera,1
afuera,2
creo,1
hicimos,3
había invadido,1
invadido,2
escoge,1
saliendo,4
sorprende,1
tira,3
di,1
movilizábamos,1
asesine,2
entra,3
pone,11
disparo pido,1
pido,1
sufrido,5
pelaez,2
pelaez ortiz,1
fallecieron,1
cursa,4
seguida,2
llego,4
metí,1
manifestó acepto,1
encontraban,8
encontraban empacando,1
empacando,1
cástulo,1
informo,3
conocí,2
hechos,5
rodeamos,1
existe,3
esclarecer,1
enrique,8
ser señalados,3
señalados,7
manifestó fui,1
fui,5
coordino,1
eran atracadas,1
atracadas,1
fui ordene,1
ordene,1
dieran,1
anduviesen,1
esperaran,1
ahí eran,1
arrojarse,1
mirando,2
conjunta,1
fornaris,3
luís,7
suministró,3
enviada,2
asaltaron,1
fueron asesinadas,13
asesinadas,14
hablo,2
mostró,2
ahí entramos,1
hicimos tirar,1
tirar,1
salimos,1
araque,17
renis,1
matarlos,1
adelantó,7
yurek araque,1
personalmente dio,1
añade,1
aportada,1
señalara,1
señalara fueron,1
señalara fueron asesinados,1
luego robar,1
robar,1
vieron,39
vieron intentaron,1
intentaron,1
vieron intentaron correr,1
intentaron correr,1
correr,1
cayeron,1
corriendo,2
augusto,4
aron,1
interceptaron,8
allí avisó,1
avisó,1
ejecutaran,1
también participaron,1
reunió,1
era dada,1
pagó,1
incinerar,2
ropero,2
fueron quemados,1
quemados,1
estuve,6
mataron,7
cogimos,1
llamaron,2
baje,1
efectuó,4
araque informe,1
plenamente identificado,1
araque presenta,1
presenta,147
habían sido asesinados,1
sido asesinados,1
posteriormente arrojaron,1
arrojaron,9
confeso,1
pertenecieron,5
hirieron,2
fueron arrojados,2
arrojados,3
participo,2
explica,2
legalizan,4
retenida,13
trasladada,11
esté,4
obligada,9
sostener,12
resultando,6
sometida,8
generó,18
dejada,5
regresar,9
recibida,4
endilgó,1
fueron adecuados,1
adecuados,1
accedida,35
intimidando,2
amenazando,6
resulto,6
abortar,1
efectuada,1
adscrita,7
irrumpieron,26
trasladarla,4
atada,1
posteriormente golpearla,1
golpearla,15
interrogarla,1
dejarla,5
aprovechada,3
accederla,43
anotar,1
fueron trasladadas,6
impedir,3
condujo,5
fueron sometidas,2
sometidas,2
trajo,3
haya previsto,1
previsto,1
ofreció,12
padecer,1
dejó,16
cuestionó,1
amenazó,10
padece,1
aportó,57
fueron interceptadas,8
interceptadas,8
llevarse,11
sufriendo,2
cuestionarla,1
destruyeron,7
continuaron,4
colocarle,2
golpeada,3
introducirle,2
decidieron,28
decidieron abandonarla,1
abandonarla,2
auxiliada,3
fuera atendida,1
atendida,1
arjonabolívar,1
accedieron,29
golpear,4
golpear ultrajar,1
ultrajar,1
fueron accedidas,2
accedidas,2
fueron contagiadas,1
contagiadas,1
sufre,1
logró huir,1
condicionaron,1
desplazaron,81
verifica,1
ya había,2
había accedido,1
accedido,2
ya había accedido,1
repitió,5
ser localizado,1
localizado,3
subir,12
arrojado,11
entrevista,191
montería,1
departieron,2
reclamándole,1
había vendido,3
vendido,3
posteriormente procedió,1
amenazarla,1
obligó,16
cruzó,1
correspondían,2
acusada,1
llevada,9
bar,1
desplegando,2
advierte,4
hicieron bajar,4
bajar,14
exigieron bajar,1
obligaron asostener,1
asostener,1
forzaron,1
sufrió,9
aparece,65
isaías,2
trasladó,18
reunirse,4
obteniendo,2
sumaría,11
abordada,7
subirse,11
accedió,37
posteriormente continuó,3
proceder valiéndose,1
valiéndose,1
fecha,4
arce,2
era cuestionada,1
cuestionada,1
exigió,3
certifica,16
desplazada,17
notifica,1
solicita,12
fija,2
cgnpf-dsce-138-2013,1
saquearon,4
correa,9
repetirse,1
volvió,2
ponerla,1
abusada,4
trayendo,1
amenazada,7
haber mandado,1
mandado,2
vivir,7
había hecho saber,1
hecho saber,1
cédula,60
condujeron,29
repitiéndose,2
ser obligada,1
vestir,3
desempeñar,1
dileni,1
desnudarse,1
decidieron desplazarse,4
quedaron,9
atar,4
amordazar,1
así mismo expone,2
mismo expone,2
expone,3
negado,2
pagar,8
estaban exigiendo,1
exigiendo,3
decidió desplazarse,11
agrediendo,1
encontrada,2
haber sido drogada,1
sido drogada,1
drogada,1
abrieran,1
seguidamente procedieron,1
atarlas,1
posteriormente fueron,5
fueron quemadas,2
quemadas,2
posteriormente fueron quemadas,1
había escapado,1
escapado,1
había escapado procedieron,1
escapado procedieron,1
ocasionarle,2
emilie,1
conducida,10
piñuela,1
acecharla,1
ser llevados,2
son referenciadas,1
referenciadas,1
ángel,2
igualmente presenta,1
martínez,11
recolectando,1
procedieron accederla,1
allí ingresaron,1
contagiada,1
consumieron,2
cancelar,4
logró escapar,2
escapar,5
ingresaron destruyendo,2
destruyendo,5
fueron abordadas,3
abordadas,3
subieron,32
accediendo,1
haber hecho,1
entregada,10
serrano,5
amenazaron,16
apoderaron,7
retuvieron,33
aprovechó,2
torturar,1
agredir,6
desconoce,81
son retenidos,1
retenidos,23
lograron huir,2
apropiaron,12
era sometida,1
amedrentar,1
no desocuparan,1
desocuparan,7
accederlo,1
escondían,1
solicitarle,1
agredido,3
defenderse,2
huyó,3
no encontrar,1
encontrar,3
atarla,1
violenta,2
violenta seguidamente autorizó,1
seguidamente autorizó,1
autorizó,4
arrojar,1
apuntarle,2
debían abandonar,6
accederlas,1
causando,8
ataron,4
transportaron,5
ofrecieron,6
llevarlas,2
trasaladaron,1
accede,3
continuó abusando,1
abusando,1
abusar,4
dejándola,4
realizando,6
leonor,13
venía,3
venía huyendo,1
golpearla llevarla,1
llevarla,3
militó,7
cortarle,1
debía hacer,1
haber protagonizado,1
protagonizado,1
bajaron,14
agredieron,1
fotocopia,5
reside,4
movieran,1
movieran procederían,1
procederían,1
manifestándole,4
permanecieron,10
aportò,2
no aceptar,1
habían asistido,1
asistido,1
eran transportados,1
transportados,3
haber desafiado,1
desafiado,1
desplazò,1
troya,1
seguidamente procedió,1
advirtiéndole,1
sostuviera,1
desenfundar,1
pretendió,1
pretendió accederla,1
pretendió accederla carnalmente usando,1
accederla carnalmente usando,1
carnalmente usando,1
usando,7
marchó,2
apartaron,1
golpearon,14
incendiar,3
permitieron entrar,1
apuntándolos,1
también procedió,1
también fueron,3
también fueron trasladadas,1
apoderó,5
interrogándolo,1
había pasado,2
pasado,4
diciéndole,19
encubrir,1
retuvo,5
solicitando,12
solicitando realizar,1
haber sido accedida,2
sido accedida,2
vinculada,2
amordazarla,1
amordazarla atarle,1
atarle,1
abusó,3
hicieron subir,1
colocaron,2
continuó repitiéndose,1
torturarla,1
torturarla arrojándole,1
arrojándole,1
respirar,1
solicita realizar,1
mantuvo,7
haga,1
-2013,1
fueron torturadas,3
torturadas,4
acidó,1
daza,2
tuvieran,3
serna,30
pantoja,1
pantoja polo,1
polo,9
solicitándole,2
prepara,1
quedándose,1
era conocido,20
preguntando,12
desnudarla,1
tocarla,2
tocarla no,1
abstuvieron,1
fueron rasgados,1
rasgados,1
díaz,15
argel,7
acosarla,1
amenazó diciéndole,1
verla,2
trabajar,27
estar,18
afuera habían,1
iba preguntando,1
pusieron,1
logro,1
logro escapar,1
dejaran,2
dejaran ir,1
debían entregar,1
quitarse,2
abusarla,1
terminaron,2
hurtaron,20
obliga,3
quite,1
intentó,4
intentó accederla,1
llega,5
percatarse sale,1
abandona,2
pasaron,5
había estado,2
estado,4
había estado regresa,1
estado regresa,1
amenaza,4
quitarle,6
regresaran,2
declara,7
allí perdió,1
volviendo,1
recoge,2
entera,6
no denuncia,1
dirige,6
anunció,1
iba averiguar,1
naciendo,2
transcurría,1
abuso,1
atraviesa,1
vistiendo,8
exige,1
tenga,15
no quedándole,1
quedándole,1
acude,2
lobo,1
guarda,1
además sometió,1
sometió,3
logró escaparse,1
escaparse,2
envié,1
quede,3
obligando,4
comunicar,1
buscarlo,7
no grite,1
grite,1
transportando,5
rincon,1
constar,20
quintero entrevista,1
agarraron,4
metieron,4
desnudaron,2
empezaron,7
prestando,2
debían irse,1
salieron,35
oscureció,1
apareció,16
aparece inscrita,2
inscrita,8
cantinabar,1
compartir,2
dispuso,2
dispuso dar,1
reportando,11
certificado,1
no1,1
escuela,1
transitar,1
hicieron detener,2
separaron,2
nuevamente resulta,1
propicia,1
incorporado,3
lozano informe,1
consta,27
incluida,2
yánez,5
había dirigido,1
dirigido,2
tiran,2
gritándole,1
dándole,4
luego decirle,1
decirle,2
ordenaron,16
ordenaron salir,2
anunciándole,1
anunciando,1
habían agarrado,1
agarrado,1
saludaron,1
matarla,1
tiró,1
rasgo,1
luego entraron,1
entraron,13
luego encerrarla,1
encerrarla,1
desnuda,1
desnuda paso,1
paso,3
escuchó,4
llorando,1
gritando,1
gritando pidió,1
detuvo,1
subió,2
había transmitido,1
transmitido,1
violaron,3
desplaza,9
había desplazado,2
conocer,20
no perteneció,1
permaneciendo,6
violada,1
convivió,1
procedieron amarrar,1
amarrar,1
perdieran,1
encuentran,1
encuentran observando,1
observando,2
allí contando,1
contando,2
excluye,4
quedó inscrita,2
trabajando,12
era frecuentado,3
frecuentado,4
ve,3
invitarla,1
desgarra,1
esperar,3
esperar dándole,1
ahí vino,1
vino,5
tratarse,3
habían ido,4
ido,7
asediada,2
quitará,1
vivió,7
dejándole,2
recordar,2
enterarse,4
estaba planificando,1
planificando,1
prohibió,1
luego vino,1
desmoviliza,1
rompiendo,4
operaron,1
pasear,1
pasear tuvo,1
echó,1
aferra,1
sacar,8
no sirvió,1
sirvió,1
superaron,1
montaron,4
comienzan,1
rasgarle,1
no quedarse,1
quedarse,4
volver,4
subirla,1
antes amenazar,1
no denunciaran,1
denunciaran,1
denunciaran incluso dificultándole,1
incluso dificultándole,1
dificultándole,1
dificultándole obtener,1
denunciaran incluso dificultándole obtener,1
incluso dificultándole obtener,1
debiendo,4
debiendo abandonar,2
no tiene,3
estudiaba,1
ser asediada,1
señalando,4
acerca,1
subiera,2
niega,1
niega hacerlo,1
llorar,2
calme,1
insistiendo,1
besarla,2
presionarla,1
presionarla saca,1
saca,5
deja,2
repetir,1
ahora cuenta,1
victimizó,1
victimizó era,1
victimizó era conocido,1
atender,5
ser frecuentado,1
cortejar,1
rechazó,1
obligó abordar,1
señalándole,1
intentó huir,1
impidieron,2
condicionó,1
nuevamente arribó,1
arribó,8
inició,7
lanzó,3
pasados,5
envía,3
utilizó,3
visitar,6
quiso quedarse,1
lleva nuevamente amenazando,1
nuevamente amenazando,1
toma,1
violaron dando,1
buscarla,2
golpea,1
debiendo cambiar,1
cambiar,1
ocultarse,1
perseguida,2
perseguida debiendo,1
perseguida debiendo desplazarse,1
debiendo desplazarse,1
verificado,4
detuvieron,6
solamente iba,1
lanzaron,6
desnudaron golpearon,1
violarla,2
dejaron ir,2
llegaba,1
públicamente eran,1
eran conocidas,1
conocidas,1
públicamente eran conocidas,1
habían dado,6
agravado,1
siente,1
agarrada,1
envió,6
aceptarlo,1
colocándole,2
debía ir,1
radicó,4
nació,4
alojar,1
coge,3
posteriormente sale,1
luego desplazarse,1
traer,1
devolvieran,2
intentar,1
intentar regresar,1
comunicándose,1
lleven,1
posteriormente da,1
pierde,1
despertar,1
deje,1
deje ir,1
accede regresando,1
regresando,2
presentando,2
allí llegó,1
aceptó empezando,1
empezando,1
rasga,1
procede accederla,1
observó,2
intenta,1
intenta gritar,1
fuera hacer,1
evitarlo,1
indicará,1
decide irse,2
matar dándole,1
era perseguida,1
facilita,1
apoya,1
radica,3
fueron retenidas,5
retenidas,6
fueron golpeadas,1
golpeadas,1
no denunciar,1
abre,1
sube,1
había hecho desplazar,1
hecho desplazar,1
despertarse,1
viste,1
queden,1
barriendo,1
ingresa,2
insultarla,1
patearla,1
merece,1
estar amenazando,1
denunciarla,1
estar andando,1
andando,1
permitir,2
coloca,3
siguió,2
oír,1
arrodilla,1
arrodilla diciéndole,1
igualmente salieron,1
intercedieron,1
vaya,2
pare,1
apuntaron,1
insiste,1
matar procediendo,1
pegarle,1
vuelve,1
perdonar,1
habla,2
auxiliaron,1
bajó,4
debía portarse,1
portarse,1
había perdonado,1
perdonado,1
desplazándose,7
deisy,1
pineda,31
invitándola,1
entablaron,1
despedir,2
forzarla,1
violentamente diciéndole,1
procediendo accederla,1
aprieta,1
asfixiarla,1
pretenderla,1
pretenderla enviándole,1
enviándole,1
negó diciéndole,1
desistió,2
debía abandonar,5
comenta,5
decide enviarla,1
enviarla,1
así mismo manifestó,1
mismo manifestó,1
fueron identificados,4
identificados,8
antes habían,3
habían abusado,1
abusado,2
antes habían abusado,1
había amenazado,1
madre,5
apuntándole,1
interceptar,1
nuevamente abusó,1
saida,1
reclutado,87
cazando,2
fueron abordados,7
abordados,7
estaban cazando,1
fueron transportados,1
poder,13
designe,2
asuma,2
desmovilizaron,3
desmovilizaron informe,1
estaba llevándose,1
llevándose,8
vincularlos,2
reclutado recibió,1
aprende,1
empieza,1
recogiendo,5
protestar,1
encargaron,5
aguantar,1
sacó,7
reclutaron,18
enviaron,5
ahí dure,1
dure,1
siempre porte,1
porte,2
fueron confirmadas,1
confirmadas,1
no haber,1
haber ratificado,1
ratificado,1
no haber ratificado,1
continuar,5
viviendo,7
cuidaran,1
poveda,13
quiroga,2
quiroga poveda,2
reclutada,20
leída,17
consulta,11
negarse,1
entrando,2
decadactilar,11
decadactilar cedula,1
cedula,45
recolectar,3
negaran,1
termina,1
soportar,1
llevado,29
allí recibió,2
hoja,22
sido interceptado,1
sindicaron,4
manifestaron,28
interrogado,4
obligado,6
patrulló,1
estaban buscando,3
buscando,12
hilder,1
invitaron,1
recogió,4
regaló,1
ingreso,1
vinculado,3
registraron,12
cruza,1
no podían,1
podían,2
podían salir,1
no podían salir,1
aprendieran,1
propuso emplearlo,1
emplearlo,1
dándose cuenta,1
era protegida,1
protegida,1
asignaron,4
después estuvo,1
responder,1
luego llegó,1
distinguió,1
reclutar,13
no averiguar,9
frente estuvo,9
fueron incorporados,3
incorporados,3
compulsaron,1
reporte,49
consignó,6
luna,22
criminalística,10
señora,1
atendiera,1
asegura,8
salí,1
viví,1
separe,1
había estudiado,1
estudiado,1
no había estudiado,1
había estudiado decidí,1
estudiado decidí,1
decidí,1
no había estudiado decidí,1
había estudiado decidí irme,1
estudiado decidí irme,1
decidí irme,1
irme,1
no había estudiado decidí irme,1
hable,2
dejaron esperando,1
empecé,1
llegaran,1
desmovilice,1
nunca porte,1
nunca estuve,2
decidió irse,4
no porto,2
porto,4
invitó,2
estando allí vio,1
allí vio,1
motivó,6
ingrese,2
allá vi,1
vi,1
ya eran,1
impresiono,1
podía entrar,1
insistió,1
enseñó,1
manejar,4
ya estando,1
ocupó,1
saldivar,1
acuerdo,1
gusta,2
quiere,1
quiere ingresar,1
salirse,1
recibí,1
respetar,1
entre,1
realizar eran,1
patrullar,1
patrullar prestar,1
prestar,7
lopez,8
manifiesta no recordar,1
no recordar,1
ocurrido,3
causado,1
perdido,2
han asesinado,1
no supieron,4
supieron,5
no regreso,2
regreso,2
comenzaron,5
preguntar,7
había llevado,1
solo recuerda,1
recuerda,4
duarte,5
aprovechándose,1
obtendría,1
duarte ortiz,2
recluto,4
adelanta,14
ofreciéndole,5
duró,5
patrullando,4
podía desmovilizarse,1
desmovilizarse,1
no podía desmovilizarse,1
presentarlo,1
emma,1
convencido,1
posteriormente decidió,1
decidió integrar,1
posteriormente decidió integrar,1
comentó,1
comunicaron,3
había asesinado,4
no fueron,3
no fueron asesinados,1
decidieron llevarse,2
alfabética,2
entrenaron,1
ortiz entrevista,4
consigno,1
debía pertenecer,1
vió,1
señor,7
había quedado,1
quedado,2
codazzi,2
incursionó,26
tenerlo,1
advirtieron,1
golpearlo,3
entregado,15
encargó,5
terminado,1
rubio,1
km,1
expulsado,1
reconocido,4
chicharon,1
delegó,1
convenció,2
remitieron,1
luego hizo,1
ser reclutada,1
respondió,2
fueran,2
no preguntaran,1
preguntaran,1
no volvía,1
volvía,1
llamar era,1
no observó,1
ubicándose,2
vereda,21
envían,1
era señalado,4
no asesinarlo,1
cumplía,1
todavía era,1
galaviz,3
habían ingresado,2
reclutó,3
afecto,1
recuperó,5
trabajó,3
posteriormente tuvo,1
constató,1
pertenece,3
había vinculado,1
acordaron,2
acordaron fugarse,1
recluta,1
ordena amarrarlo,1
volado,1
curado,1
sometieron,2
luego pasó,1
remplaza,2
igualmente conoció,1
colaborarles,1
colaborarles lavando,1
lavando,2
convirtió,1
portó,1
pasó hacer,1
ser señalado,1
dijo conocer,1
tomaran,1
allí recibieron,2
ofreció trabajar,2
manifestó no tengo,1
reclutados,2
no dio,1
carreño,4
entrevista-fpj-,1
bloque,1
quiso retirarse,1
retirarse,3
aconsejaron,1
no conoció,1
ubicado,2
recogido,2
allí estuvo,1
vistió,1
ganar,1
ayudar,1
ejerciendo,2
serna entrevista,1
ante,8
hacerles,1
ilegible,1
incorporó,5
estaba reclutando,1
reclutando,1
conocida,10
ser reclutado,1
adelantada,1
contrainsurgencia,3
eder,2
eder alfonso,2
consigna,3
era alertar,1
alertar,1
suscrita,1
yeiner,1
reclutarlo,1
era conocida,6
incorporar,2
marchena,3
concurrió,6
téllez,16
ocupando,3
jiménez,4
johan,1
desmovilizo,1
óscar,5
incentivó,1
20-21107,1
lesly,1
-20-21062,1
vizcaíno,2
concurre,1
rojano,1
dany,9
estaba prestar,1
retiró,1
rindiera,1
apareciendo,3
publica,4
calibre,1
permita,3
villera,1
declaró,2
suscribió,1
asigna,3
abstiene,2
imponerle,3
acoge,2
ivan,6
ivan roberto,1
también aparece,1
sibaja,1
posteriormente recibió,1
fue,5
iniciado,3
también hizo,1
llevo,5
estaban necesitando,1
necesitando,1
expedida,1
primitivo,1
raspachín,2
terminada,1
no conoce,1
hugo,1
hugo rafael,1
rafael,1
jaimes,12
asignada,1
persuadido,1
vincularon,1
conduciéndolo,1
finalmente pasó,1
núñez,1
bien expusieron,1
expusieron,1
salvatore,1
n136,1
improvisaron,1
más fueron,1
fueron reclutados,1
más fueron reclutados,1
propuesta,2
cuidando,1
enviaron hacer,1
después llegó,1
abandonó,9
permitió retirarse,1
luego tuvo,1
sido contactado,1
enviar,2
además señaló,1
no incorporar,1
era evitar,1
evitar,5
ordena reclutar,1
había llegado,2
llegado,8
habiéndose,3
inicialmente estuvo,1
unió,1
realizo,2
retirándose,5
4-,2
reconocer,3
rolong,1
laos,1
igualmente indicó,1
registraduría,12
491-,1
yeny durley,1
durley,1
edgar,1
sepultaron,16
fueron citadas,1
luego darles,1
darles,1
citaron,6
no volvieron,5
volvieron,7
intercambió,1
nuevamente salió,1
eran cuñadas,1
cuñadas,1
conducidas,2
presenció,3
fueron entregadas,2
entregadas,2
habían asesinado,15
allí cursa,1
fueron ordenados,4
ordenados,4
deportación,159
había extraviado,1
extraviado,1
entenderlo,1
empujaron,2
presentaron,29
darse,3
había caminado,1
caminado,1
había conocido,1
no hicieran,1
hicieran,4
caminaron,1
así darle,1
posteriormente enterrarlo,1
enterrarlo,1
hayan,6
hayan recuperado,1
recuperado,9
legalizado,2
secuestraron,2
desaparecieron,37
arrebatarle,1
embarcarse,1
sepultado,31
fueron exhumados,11
exhumados,13
fueron desplazados,3
desplazados,5
proviene,2
siguiendo,4
envío,1
desaparecerlo,3
obligándolo,3
señalaban,5
enterraron,8
identificaron,12
preguntaron,18
decidieron esperarlo,1
esperarlo,1
fueron torturados,1
torturados,2
cavar,3
salvaguardar,13
moribundo,1
caer,1
enterrado,11
preliminar,4
magdalena,3
desaparecieran,4
sacada,5
paramilitar exhumó,1
exhumó,2
estaba investigando,1
investigando,1
fotografía,43
retuvierona,1
suministrándole,1
no han,10
no han sido,6
han sido recuperados,5
sido recuperados,5
recuperados,6
no han sido recuperados,5
radicado,2
inhumarla,1
acabarían,1
constriñeron,1
aguilar,3
desapareció,31
admitio,1
era aceptada,1
aceptada,1
no era aceptada,1
salio,1
inhumado,3
inhumaron,2
sepultar,8
hacía,4
hacía pasar,1
sepultados,15
desmembrado,17
imputó,4
presuntamente era,1
solicitó,10
recogida,3
luego ser,4
ser sepultada,1
sepultada,2
luego ser sepultada,1
despojada,2
exhumado,11
ser desmembrado,2
enroló,1
participando,2
admitieron,1
no reportó,3
reportó,12
era pensionado,1
pensionado,1
revolver,2
además indicó,1
anduvo,1
sido localizado,1
ser llevado,2
haber sufrido,2
subida,1
ser sepultado,2
penetraron,5
obedece,1
desenterrado,1
enterrar,2
desplazamiento,7
cumpliendo,7
conducir,3
marca,7
acatada,1
registranentrevista,1
produce,14
sitio,2
había sido citado,1
sido citado,1
citado,9
posteriormente causarle,3
parecer incumplía,1
incumplía,1
vistiera,2
causó,14
sustraída,1
conducido,10
luego dejarlo,1
vendados,1
vendados desconociéndose,1
desconociéndose,38
contiene,8
charris charris,2
tumbando,3
inhumar,1
permitió continuar,1
recibirla,1
recibirla procedió,1
incumplir,1
manifestaron haber,1
manifestaron haber retenido,1
haber retenido,1
debía permanecer,1
indicando,4
igualmente afirma,2
hurtarse,2
abandonaron,10
pivijay,10
reporta ser,41
además relata,1
mantuvieron,13
ibíd,14
refirieron,1
refirieron haber,1
refirieron haber sido,1
luego fueron,5
referencia,6
tumbaron,5
requisaron,3
retenerlo,2
desaparecido,57
además señala,1
edmundo,3
haber ido,1
sepultado no pudieron,1
no pudieron,2
pudieron ser,2
sepultado no pudieron ser,1
no pudieron ser,1
pudieron ser hallados,1
ser hallados,1
hallados,4
sepultado no pudieron ser hallados,1
no pudieron ser hallados,1
finca,1
fueron conducidas,1
luego causarles,1
causarles,1
también fueron asesinados,1
inicialmente fueron,1
inicialmente fueron retenidas,1
transportado,2
conozca,8
presencia,4
marcaron,1
quemaron,4
también asesinaron,2
pudieron salir,1
igualmente relata,1
fueron retenidos,20
antes someterlos,1
someterlos,1
incendiaron,6
desapareciendo,1
teherán,3
avendaño,7
pedroza,1
seguidamente detuvieron,1
escucharon,3
ser sepultadas,1
sepultadas,1
además asesinaron,1
bondo,1
titulando,2
mata,1
consignaron,1
entrevistaron,2
cargar,2
amarrado,5
subido,1
llevarlos,1
presentado,1
registrando,1
partida,1
posteriormente fueron asesinados,3
no tuvieron,7
fueron desaparecidos,4
desaparecidos,4
afirmando,1
rodearon,6
militaron,1
lograron hallar,1
hallar,2
determina,2
miranda,2
amaris,1
encontraban descargando,1
descargando,1
detuvieron dejaron,1
detuvieron dejaron ir,1
dejar,12
pidieron,5
trasladaran,1
explico,1
discutir,1
llevaron desconociéndose,2
rumoró,2
habían sepultado,2
estar trabajando,1
cultivar,1
arreglar,2
permitirle,1
cancelado,1
carnet,2
allí departieron,1
redujeron,2
supo,11
durmiendo,4
desaparecida,7
viajaron,1
conseguir,3
conseguir yuca,1
yuca,2
fueron secuestrados,4
secuestrados,4
igualmente reconoce,1
inscribe,2
fueron enviados,2
enviados,2
reparar,1
convencieron,1
acompañaran,1
revisar,1
supuestamente eran,4
desconociendo,3
obtiene,1
no labora,1
labora,1
picón,1
diezmar,1
fueron hallados,3
lograr,7
determinar,60
reseña,1
sacando,3
sobrevivieron,2
infringieron,1
paramilitar dio,1
desconociendose,2
documentar,2
anunciaron,1
nunca apareció,2
había viajado,1
viajado,1
posteriormente trasladarse,1
suegro,1
salieran,6
hablaran,1
mencionar,1
fueron sustraídos,2
sustraídos,2
podido,3
podido recuperar,2
recuperar,6
aceptando,4
impidió,1
impidió continuar,1
no regresó,6
haber asesinado,1
enamorarla,1
reintegrarla,1
celebraría,1
recogería,1
originó,7
no cancelar,2
debieron,7
debieron desplazarse,3
era oriundo,1
oriundo,1
vive,2
estar averiguando,1
averiguando,2
toco huir,1
fueron sepultados,11
rolando,1
desparecido,2
presume,1
presume eran,1
arriaron,1
montar,1
sustrajeron,2
cumple,3
paramilitar desconociéndose,1
luego darle,2
hicieron parar,1
parar,2
fueron degollados,1
degollados,1
han recuperado,2
enith,3
angel,1
encontraban celebrando,1
celebrando,1
tengan,1
vivia,1
venderlo,4
sepan,1
ajusticiado,1
acredita,11
respondieron,3
habían llevado,3
embriagó,1
sacado,29
habían matado,2
matado,2
clips,7
preguntó,4
descargar,2
así mismo obligaron,1
mismo obligaron,1
podían encontrarse,1
encontrarse,6
víctima,3
becerra,3
intentó impedir,1
llevaran,1
desmayó,1
investigarlo,1
pudieron comprobar,1
comprobar,1
había abusado,1
torturaron,3
bajarse,2
sindicándolo,2
no encontrarlo,3
encontrarlo,5
encontrarlo decidieron,1
no encontrarlo decidieron,1
encontrarlo decidieron llevarse,1
no encontrarlo decidieron llevarse,1
recuperándose,1
obtuvo,4
espera,2
investigar,4
también haciéndole,1
haciéndole,2
haciéndole conocer,1
también haciéndole conocer,1
enterraran,2
denunció,4
abordó,3
había sido enterrado,1
sido enterrado,1
resuelve condenar,1
condenar,1
desviaron,1
ordenaron bajar,1
prosiguiendo,1
detuvieron descargaron,1
descargaron,1
regresaría,1
copia,4
sindicó,1
decidió salir,5
decidió salir corriendo,1
salir corriendo,1
lanzarse,1
alcanzado,1
habían sucedido,1
había criado,1
criado,1
torturaran,2
posteriormente trasladarlo,1
pararon,2
exhibió,1
fuera aceptado,1
reportarlo,1
subirlo,1
había sido recuperado,1
sido recuperado,2
pasaría,1
entregaran,1
recuperada,1
dice estaba,1
acompañara,1
liñan estando,1
guiar,1
era robada,1
robada,1
replegó,1
liberaron,2
han realizado,4
no aparece,1
esté adelantando,1
adelantando,1
andrade478,1
convidaron,2
hurtó,2
esposaron,2
enunciando,2
duran,1
tiraron,3
maltraron,1
formula,112
carpeta,8
jesus,1
no llegó,1
martinez,7
folio,1
ejecutada,2
acreditar,10
acreditando,1
tarazona,1
ejecutarse,1
aportar,2
firma,2
no obtuvieron,1
obtuvieron,2
coger,1
dispondría,1
negociar,3
atribuyendo,1
walter,3
bien entregarlos,1
entregarlos,2
reuniría,1
simularía,1
aún no han,1
aún no han sido,1
han sido identificadas,1
sido identificadas,1
identificadas,1
aún no han sido identificadas,1
no han sido identificadas,1
dispersaron,1
habían aprehendido,1
aprehendido,4
ya habían aprehendido,1
fueron dejados,2
dejados,3
también ingresó,1
encontraban reposando,1
reposando,2
obedeciendo,11
enterados,2
fueron advertidos,1
advertidos,1
no subieran,1
subieran,2
podía pasar,1
indirectas490,1
billar,5
acusaban,4
conociéndose,6
montaño,2
acamparon,1
suministraron,6
confesaron,3
ordenar,1
había ejecutado,1
placa,1
fueron aprehendidas,1
aprehendidas,2
guajiro,1
inhumó,1
sepulveda,1
haciéndose,2
haciéndose pasar,2
hicieron conducir,1
aprehendieron,3
impartió,3
indirectas496,1
cogieron,4
ocasionó,1
sostuvo,2
intercedió,1
perdonó,1
practicó,9
hallando,1
yesica,1
nunca aparecieron,1
aparecieron,6
penetró,2
sepultó,3
está,2
asignando,2
indirectas502,1
acompañaría,1
concretar,2
había acordado,1
acordado,1
haber perpetrado,1
perpetrado,1
indirectas503,1
silvera,3
allí fueron retenidos,1
haber negociado,1
negociado,2
era comandada,1
comandada,1
habían cometido,2
encontraban patrullando,1
separar,1
desviando,1
navarro,2
había sido citada,1
sido citada,1
citada,1
haber estado,2
fueron sacados,7
sacados,7
hayan sido,1
hayan sido exhumados,1
sido exhumados,1
remitiendo,1
comunica,4
bajado,3
estaba recibiendo,2
fueron subidos,2
subidos,2
fueron bajados,1
bajados,1
posteriormente fueron bajados,1
argumentó,1
originaron,2
luego trasladarlo,1
pineda cedula,1
caratula,6
becerra pineda,2
temiendo,2
desaparecerla,3
certifique,1
remite,2
iba saliendo,1
hicieron despedir,1
capataz,1
reunir,1
iniciarse,1
dando poder,1
regresarse,1
informada,2
estaba buscando,2
no fuera,1
después decidió,1
decidió trasladarse,1
después decidió trasladarse,1
ameritó,1
transcurrido,1
brindó,1
visitando,5
luego sepultaron,1
exhumar,3
liderar,1
conllevó,1
informe no527,1
no527,1
habían quitado,1
quitado,1
dialogar,2
hicieron no tuvieron,1
iniciaron,6
lograron hablar,1
negó dar,1
no9182515,1
ordenó causarle,1
violar,2
acusó,2
haber agredido,1
habían desaparecido,1
habían desaparecido quedando,1
desaparecido quedando,1
estar gestionando,1
gestionando,1
consiguió,1
encargándose,1
llenando,2
actuaron,51
actuaron obedeciendo,1
sostiene,1
aguacatera,1
fueron desmembrarlos,1
desmembrarlos,1
cumplieron,2
haber colaborado,1
colaborado,1
medina,1
eliseo,2
desarrolló,3
convocaron,1
logrando agrupar,1
agrupar,1
desarrollaron,16
así llegaron,1
luego penetraron,2
caminar,3
irrumpió,2
apropió,2
poveda532,1
refiriéndose,4
allí fueron sacados,1
también sacó,1
no fueron encontrados,1
paramilitar ingresó,1
tellez,1
llevarle,1
ejecuto,1
fueron citados,3
citados,3
esperaron,2
estaban conformando,1
conformando,1
bustamante,4
identificarse,1
chamorro,1
incluido,1
adelmo,2
rober,1
rangel,1
olides,1
allí fueron secuestrados,1
fueron liberados,3
liberados,4
fueron recuperados,1
siboney,1
jaqueline,1
impone,2
cuadrado,4
gonzalez,8
resolvió,2
absteniéndose,4
resolverle,1
narvaez,1
dictarle,1
recluyo,1
gonzález,3
victimas,1
señalar,3
sirdec,1
sirdec encontrando,1
conducia,1
nunca llegaron,1
era hacer,1
atentar,2
adujó,1
no recuerda,1
no dejar,1
fueron enterradas,1
enterradas,1
removió,1
construir,1
obra,1
no tener,3
marta,1
jaime,1
valledupar,1
insultaron,2
traladaron,1
allí salieron,1
igualmente fueron,1
igualmente fueron hurtados,1
resolvió proferir,1
proferir,2
torció,1
sanjuan consulta,1
alexer,1
fueron apartando,1
apartando,1
prendieron,1
no sabea,1
sabea,1
accedo,1
fueron señaladas,2
separamos,1
decreta,1
vicente,1
cartilla,5
cartilla decadactilar,3
archiva,1
allí estuvieron,1
estuvieron retenidos,1
allí estuvieron retenidos,1
cumplida,1
sijyp,3
castaño,3
henry,2
rumoro,1
negociar fueron,1
negociar fueron subidos,1
adkiada,1
sofanor,5
predicó,1
iba asesinar,1
enterarse solicitó,1
causa,7
imputo,13
vendiendo,3
conozcan,1
confirmó,1
hurtada,1
intimidar,1
tiraran,2
antes apoderarse,1
invitarlo,1
realizaría,3
culminada,1
introducido,3
desmembrar,2
desparecieron,4
javier,2
familiar,1
pertenecia,1
requisar,1
luego sacaron,1
corta,1
correría,1
marcar,2
practicaran,1
hayan exhumado,2
fueron sacadas,2
sacadas,2
opusieron,1
embarcaron,3
practicado,1
imputado,2
desmembró,1
lambraño,2
aprovisionaron,1
mandaron,1
despertó,1
también era conocido,1
antes exponiendo,1
exponiendo,1
había advertido,1
advertido,1
desmembraron,5
turizo,3
bolívar bolívar,1
retenerla,2
muerta,1
no122229,1
no84313,1
estaba pidiendo,1
pidiendo,1
estaba averiguando,1
apropiada,1
individualiza,7
villalba,1
adelaida,1
causándosele,2
amorocho,1
salir desconociéndose,1
permitieron conocer,1
presentada,2
llegaron portando,1
4383,1
desaparecer,5
luego desmembraron,1
devuelta,1
tabú,1
tramitó,1
correspondiéndole,1
enterrada,2
cortó,1
sub,1
estaban departiendo,1
resultaron ser,4
ejercer,5
señalándolo,3
versa,1
señalaron,9
uso,1
causales,1
acogieron,1
fueron condenados,1
condenados,1
escorcia,3
sido convocados,2
convocados,2
fueron despojados,1
despojados,1
montado,1
no podian,1
podian,1
podian llegar,1
no podian llegar,1
picachu,1
segura,1
pescar,2
posesionarse,2
extorsionar,1
realizarle,1
sepultarlo,2
conducirlos,3
indicar,2
torturarlo,2
torturarlo ocasionándole,1
cumplió,2
permitan,1
sebastian,1
recorrer,1
penetran,1
son torturados,1
sustraer,1
hospedaron,1
vendarle,1
notar,1
eran mantenidos,1
mantenidos,1
internaron,1
persistieron,1
son aprehendidas,1
frente pivijay,1
leider,1
esquivel585,1
transportada,1
posteriormente son,2
son degolladas,1
degolladas,1
posteriormente son degolladas,1
mantenerse,1
fueron desaparecidas,4
desaparecidas,4
margoth,14
pueden estar,2
desaparece,4
fueron desmembrados,3
desmembrados,4
fueron sustraídas,1
sustraídas,1
jugando,3
jugando billar,2
concepción,3
fueron trasportadas,1
trasportadas,1
participa,1
descender,1
pivijay manifestaron,1
pivijay manifestaron procedieron,1
manifestaron procedieron,1
acompañarlos,1
estar tomando,1
luego llevarlas,1
ser colgada,1
colgada,1
luego muere,1
instalar,2
son trasladados,1
asesina,4
enterrados,3
torturarlo colocándole,1
eufrosina,1
ordena llevarlo,1
interrogarlo,3
traslada,2
montarla,1
confesó haberlo,2
haberlo,5
confesó haberlo asesinado,1
haberlo asesinado,2
confesó haberlo atado,1
haberlo atado,1
llevaron argumentando,2
ya fueron,1
ya fueron exhumados,1
halló,2
concluyó,1
olmos,1
olmos salió,1
sabido,3
señaló haberlo,1
señaló haberlo asesinado,1
acusaron,1
descuartizado,2
llevándolos,1
llevaron alegando,1
teque,1
interrogó,1
dictó,2
desacatando,1
cometió,5
jeringa,1
quitarles,1
son desmembrados,1
lanzado,11
robert,2
desacatar,1
habían arrojado,1
luego tira,1
decidió vender,1
transportó,1
piter,1
quitó,1
cadaver,1
pescando,3
arrojo,1
fueron señalados,2
son asesinados,4
eran señaladas,1
reteniendo,2
son desarticulados,1
desarticulados,1
además incineraron,1
incineraron,4
búsqueda,5
señalaron ser,2
aleman,1
forma,2
asesinan,1
asesinan tirando,1
tirando,1
desaparezcan,1
estaban flotando,1
flotando,4
perla,1
sánchez,1
embarcaran,1
estar buscando,1
ser asesinadas,1
luego ser asesinadas,1
haber ocurrido,1
hallado flotando,2
adriano,4
plasma,2
candela,1
tildaban,1
tildaron,1
quiso pagar,1
no quiso pagar,1
pizarro,6
lascario enrique,1
merilza,1
debían participar,1
participar,2
fueron saqueados,1
saqueados,1
posteriormente son asesinados,1
charris reporta,1
luego son,1
luego son asesinados,1
posteriormente aparece,1
muñoz,1
incursiona,1
retiene,1
posteriormente aparecieron,1
pivijay relataron,1
relataron,1
abandonado,1
inicialmente maltrataron,1
maltrataron,4
restrepo,11
dawar,1
son trasladadas,1
eran señalados,2
deedilfe,1
vélez,2
dialogó,1
dejará,1
después aparece,1
oponerse,4
golpeado,1
son interrogados,1
interrogados,1
fueron lanzados,2
lanzados,2
valderrama,1
tildó,1
quinchucua,3
salieron trabajar,1
no regresaron,1
cobró,1
era infiltrado,2
infiltrado,2
serna683,1
esperándolo,1
también retenido,1
chamba,1
arroja,1
luego ser asesinados,1
golpeó,1
beatriz,1
registranversión,1
luego fueron asesinadas,1
calamar,5
montó,1
arrojó,4
etilvía,1
discutió,1
son dejados,1
lópez,1
luego fueron asesinados,1
no apareció,1
retrepo,1
deambulando,1
ser torturadas,1
ser torturadas fueron,1
torturadas fueron,1
ser torturadas fueron asesinadas,1
torturadas fueron asesinadas,1
llerena,1
saúl,4
después fueron,3
después fueron asesinados,1
armando,2
arrojada,1
ser asesinada,1
cueto,2
dedicarse,1
posteriormente asesinaron,1
charry,1
manifestar,1
indagaron,1
manifestando,2
había dejado,1
cubriendo,1
incineró,1
silva,1
tanque,1
osuna,3
incinerado,7
habían sido declaradas,1
sido declaradas,1
declaradas,1
ultimando,1
ultimaron,2
había retenido,2
interroga,2
arrojando,1
iris,3
mató,1
mató ordenó,1
mató ordenó incinerarlo,1
ordenó incinerarlo,1
incinerarlo,3
sombreron,1
sombreron salió,1
había instalado,1
instalado,1
interrogada,1
estaba flotando,1
ser requerido,1
lesionado,2
villamil,3
soto,2
yanes,1
encontrarlo torturaron,1
gallar,1
posteriormente sacaron,1
lafont,1
apodera,1
suma,1
cancelada,1
finalmente son,1
finalmente son asesinados,1
marriaga,1
alfaro,2
proceden,1
orellano,1
habían sido capturados,1
sido capturados,1
capturados,1
habían invadido,1
saberse,4
civil,1
incomodó,1
dirigio,1
iinforme,1
despareció,2
auxiliar,3
identificó,1
entrevistado,1
había asístido,1
asístido,1
enterró,2
cubria,1
asesinaron siguiendo,1
retornó,3
donado,1
zúñiga,1
abortó,1
convencerlo,1
secuestrada,1
desemboca,1
maltrtaron,1
luego desaparecieron,1
libró,1
había conseguido,1
conseguido,1
jugar,2
verlo,2
ser investigado,1
investigado,1
atribuye,1
registrarse,1
cumpliría,1
culminaron,1
emprendieron,1
debían permanecer,1
no debían permanecer,1
ya habían sido,1
habían sido advertidas,1
sido advertidas,1
advertidas,1
ya habían sido advertidas,1
habían sido advertidas haciendo,1
sido advertidas haciendo,1
advertidas haciendo,1
ya habían sido advertidas haciendo,1
lleve,2
regresarían,1
más estuvieron,1
indirecta,1
asesinando,5
alejandro,1
advertir,3
estar indagando,1
indagando,1
no volvió,1
cuñado,2
más nunca apareció,1
rizo,1
informarle,2
habían sido retenidos,1
sido retenidos,1
ordena abstener,1
abstener,1
archivarla,1
leonardo,1
tocando,1
revoca,2
pistolas,1
pistolas llegaron,1
había salido,1
extraprocesal,1
farid,5
nevado,1
ariulfo,1
reconociendo,1
manifestó no tener,1
perpetrando,1
haya incursionado,1
incursionado,3
escoltar,1
sau-uri,1
dirigia,1
sorprendieron,1
posee,1
estándo,1
vista,3
aun gupo,1
gupo,1
gupo paramilitar,1
aun gupo paramilitar,1
roque,1
haya podido,1
haya podido ubicar,1
podido ubicar,1
comentaron,1
precluyendo,1
realiza,3
n9409114-29742,1
encuesta,9
defensoría,3
fabián,1
reconocido paramilitar,1
reunieron,8
rueda,4
certificación,2
anexan,1
malo acta,1
055-2004,1
053-2004,1
téllez acredita,1
llevandose,1
numero,1
soza,1
aproximadamente llegaron,1
preguntándole,1
golpearon ultrajaron,1
ultrajaron,2
manifestó aportarla,1
aportarla,1
acordando,1
asístir,1
cumplirla,1
luqueta,1
requizaron,1
sequea,1
también había,1
había pertenecido,1
pertenecido,2
también había pertenecido,1
ser torturado,1
torturado,1
sacarle,1
siguieran,2
siguieran buscando,1
arreglando,1
marcharon,1
más dando,1
despojado,3
ester,1
forzar,1
iban hacer,2
antes haber,2
haber entregado,2
antes haber entregado,1
finalizada,1
había echado,1
echado,1
también dijo,1
buscándola,1
habían lanzado,1
fueron detenidos,2
detenidos,2
fueron observados,1
observados,1
ordenando,4
solo sabe,1
no aparecieron,1
contestaron,1
habían llegado,6
había despojado,1
fueron llevadas,1
llevadas,1
fueron enterrados,2
no fueron enterrados,1
contreras,5
alegó,1
nieto,2
dijeron pertenecer,1
acompañó,2
era controlada,1
controlada,1
inclusive,1
recién ingresaron,1
dice quedaron,1
había transitado,1
transitado,1
efectivamente encontró,1
practicarle,1
sepultara,1
defrancisco,1
entonces salió,1
rolon,1
finalizando,1
permita reasumir,1
reasumir,1
recluir,1
ordoñez,2
no presenta,1
ordenaron parar,1
decidieron dejar,1
permitieron continuar,1
recién retuvieron,1
celular,1
celular diciéndole,1
entendió,1
habían reclutado,1
guardó,1
así indagó,1
indagó,1
omaña,1
almorzar,1
allí fueron asesinados,1
no estaba,5
transitaran,1
pudieron ser asesinados,1
asesinó disparándole,1
posteriormente desaparecieron,1
era conducido,2
amordazaron,4
recuperarse,1
notó,1
no tuvo,2
requería,1
festejarle,1
comentarle,1
había encontrado,1
asesinó desconociéndose,1
nuevamente llamó,1
ahí no sabe,1
no sabe,1
había sido soldado,1
sido soldado,1
soldado,1
entendiéndose,1
página,2
criaron,1
eran comandadas,1
comandadas,1
ocultar,1
haya aparecido,1
aparecido,1
buscó,1
contó,1
reclamó,2
habían tirado,1
tirado,3
no encontraron,2
ubicarse,2
asegurando,1
expidió,2
son robert,1
primero llegaron,2
sirvieran,1
publicó,3
confesó haber,2
confesó haber participado,2
acogió,1
viajar,3
durier,1
difundió,1
subirlos,1
probatorios837,1
disfrutando,1
era subordinado,1
subordinado,1
había propuesto,1
propuesto,1
doris,1
estrada,1
encargarle,1
haber motivado,1
motivado,1
sostuvieron,1
omar,1
fueron amenazados,3
amenazados,3
desapareciera,1
igualmente aduce,1
habían trasladado,1
nunca llegó,2
jaraba,1
más departiendo,1
después fueron liberados,1
mal vender,1
manejando,1
haría,1
sido golpeados,1
golpeados,1
pacheco,1
propuso trabajar,1
espitia,1
paniza,2
han tenido,2
no han tenido,2
solicitar,2
debían seguir,1
constancia,2
izquierdo,1
obtenido,2
paez,1
cargaron,1
solo recuperaron,1
recuperaron,1
862escrito,1
avilez,3
tenerse,1
fueron obligados,1
obligados,1
era dominada,6
dominada,6
actúa,1
valbuena,1
oponerse fueron,1
oponerse fueron heridas,1
fueron heridas,1
heridas,1
873escrito,1
higuita,1
higuita entrevista,1
lustrar,1
haber conocido,1
arrieta,1
jugando futbol,1
futbol,1
pasa,1
elmis,1
rosiris,1
villar,3
villar entrevista,1
ser tildado,1
tildado,2
habían citado,1
comprarle,1
encerraron,1
han sabido,2
no han sabido,2
dedica,2
recopilar,1
asesinaron dejando,1
hony,1
supieron era,1
había ido,2
poniendo,1
logrado,3
logrado establecer,1
comieron,1
gastaron,1
estuvieron departiendo,1
contrajeron,1
llamarlo,1
levantó,2
metió,1
estaban comprando,1
embarcó,1
cortar,1
encontraban haciendo,2
cursó,2
partiendo,2
helber,1
nunca más volvieron,1
más volvieron,1
reportante rubiela,1
rubiela,1
instaurada,1
hacerle,1
habían enterrado,1
allí dejó,1
luego venderlo,1
había sido raptado,1
sido raptado,1
raptado,2
cargando,1
iban pasando,1
pasando,3
fueron desaparecidas encontrándose,1
desaparecidas encontrándose,1
haciéndolo bajar,1
hicieron detener haciendo,1
detener haciendo,1
desvalijado,1
asciende,1
tenemos,5
manifestaron haberlo,1
manifestaron haberlo visto,1
haberlo visto,1
enrique jiménez,1
albert,1
primero tocaron,1
tocaron,1
luego procedieron,2
tumbarla,2
tumbarla sacaron,1
pateando,1
tumbarla ingresaron,1
descuartizaron,1
cedeño,1
cedeño acta,1
legalizó,1
indagar,1
habían visto,1
no amaneció,1
amaneció,1
variar,1
había sido enviado,1
sido enviado,1
formar,3
habían asignado,1
propina,1
sepultaran,1
dony,1
haya recuperado,1
estaban esperando,1
dirigiéndose,4
cobraba,1
han podido,1
han podido recuperar,1
muyuy,1
haya sido,1
haya sido recuperado,1
exhumaron,1
había sido llevado,1
sido llevado,1
amarraron golpearon,1
pesa,1
asistió,1
había apoderado,1
apoderado,1
reconoció haber,1
reconoció haber participado,1
dice era,1
dice era conocido,1
haciéndole creer,1
creer,1
haberlo obligado,1
arrodillarse,1
pego,1
desaparecido desconociéndose,1
almeida,1
almeida informe,1
parecer no había,1
parecer no había dado,1
no había dado,1
estaba haciendo,1
estaba haciendo matar,1
haciendo matar,1
dedicaban,1
raspar,1
procesarla,1
ocultaron,2
salir fueron,1
salir fueron interceptados,1
eran desmovilizados,1
desmovilizados,1
supuestamente eran desmovilizados,1
hicieron servir,1
servir,1
resultó ser,1
movilizar,1
945escrito,1
guardaron,1
rindió,4
exhumando,1
habían sido convocados,1
registrándose,1
hospedándose,1
fueron hurtadas,2
hurtadas,2
sidray,1
inhibida,2
habían comprado,1
comprado,1
alude,1
igualmente refiere,1
existió,1
pudieron haber,1
pudieron haber tenido,1
haber tenido,1
refirió,6
villalobos948,1
seguidamente llegaron,2
obligarlos,1
fueron amarrados,1
amarrados,1
casarubia,1
casarrubia,3
practicarse,2
rendida,1
ultimado,3
fuera recogida,1
ser llevada,1
encontraría,1
formando,1
impusiera,1
era prohibida,1
prohibida,2
ultimada,1
solucionar,1
bajarlo,1
fueron incinerados,2
incinerados,2
allí penetraron,1
era cuñado,1
fueron trasladas,1
trasladas,1
fueron introducidas,1
introducidas,1
allí fueron introducidas,1
esgrimieron,1
paramilitar logró,1
paramilitar logró apropiarse,1
logró apropiarse,1
sentencia,1
cadena,1
supuestamente fueron,1
supuestamente fueron enterrados,1
informando,6
salazar,1
no quedaran,1
quedaran,1
inmediatamente hicieron,1
escobar,1
intentó darse,1
dispararon causándole,1
llenaron,1
finalmente tiraron,1
devolvieron,1
encontrarlo instalaron,1
instalaron,3
no encontrarlo instalaron,1
reportante obtuvo,1
redujeron amarraron,1
fueron declarados,1
declarados,1
habían sacado,1
wilfrido,1
salvándose,1
angustia,1
legaliza,2
otorgando,2
adecuarse,2
tipificó,1
ser considerado,1
considerado,1
establezca,1
considerarse,1
impide,1
prolonga,2
prolongue,1
mantiene,2
resulta aplicable974,1
aplicable974,1
no encuentra,1
adecuar,1
resaltar,1
finalizar,2
resalta,1
resultar,1
conforme,1
adicional,1
capacitar,1
declararon,1
administradora,1
ocasionando,2
encontra,1
obligo,1
díacuando,1
descubierto,1
logró salir,1
expresa,17
referidafue,1
generaron,5
afectó,2
introducirse,1
retirar,1
tendidos,1
apropiaciónde,1
designa,1
fueron levantados,1
levantados,1
narra,12
causar,1
ayala22-,1
ayala23-,1
castillo27-,1
vergel29-,1
referencia practicarse,1
refleja,1
calamar llegaron,1
eleva,1
votando,1
relaciona,1
pérez53-,1
posteriormente concluir,1
concluir,1
aporta,1
4- acta,1
sipod,1
protegidatortura,1
decidenabandonar,1
sustenta,1
menciona,1
imputa,1
reuniendo,2
luego dejaron,1
desató,2
luego conminaron,1
conminaron,2
allí separaron,1
saquear,2
apoderándose,2
lasvíctimascausándose,1
siguientes982,1
narran,1
delinquir absteniéndose,1
delinquir3-informe,1
así mismo cumple,1
mismo cumple,1
entrevistando,1
enuncia,1
son desplazados,1
roció,1
fueron acusados,1
antes narrado,3
narrado,3
seleccionaron,2
marcharse,10
decidió cerrar,1
cerrar,1
abandonando,13
así desplazarse,1
allí siguió,1
seguidamente cuenta,1
así mismo expresa,7
mismo expresa,7
fueron retirados,1
retirados,1
privaron,1
relacionando,1
delegadose,1
delegadose refirió,1
encargo,1
caminando,1
precisa,3
vieran,1
entonces entraron,1
allí dispararon,1
era no dejarlo,1
no dejarlo,1
dejarlo reaccionar,1
reaccionar,1
era no dejarlo reaccionar,1
no dejarlo reaccionar,1
enseguida fueron,1
fueron sacando,1
enseguida fueron sacando,1
paró,1
resguardarse,1
ahí recibió,1
remató,1
ya iba,1
pegó,1
lesiono,1
afecta,1
suministran,1
hurtándose,2
dañando,1
amplio,1
cuantifica,1
precisar,1
documenta,36
irrumpen,2
perdiendo,16
perpetraron,34
estaba materializando,1
materializando,1
ahernando,1
desalojar,2
había iniciado,1
halla,2
cometiendo,2
debían desplazarse,1
luego trasladarse,1
hermano,3
decidieron desplazarse hacía,1
desplazarse hacía,1
decidieron abandonar,5
residieron,1
vende,1
así mismo afirma,3
mismo afirma,3
siguientes996,1
entrado,1
tarazonafue,1
haya reportado,1
haya reportado desconozco,1
reportado desconozco,1
desconozco,2
manejó,1
no conocí,1
era comandado,2
comandado,2
haces,1
amplia,1
desalojaran,2
trabajadoresque,1
quejuntaran,1
así poder,1
poder llevárselos,1
llevárselos,1
así poder llevárselos,1
expresaron,2
marcharan,2
inicialmente había,1
posteriormente llegaron,1
haya participado,1
compromete,1
responsabilizarse,1
escucho,1
radicaron,3
decidieron marcharse,1
aproximadamente llegó,1
pusiera,1
desenfundó,1
impactó,1
atentaran,1
refugiándose,1
tramite,1
ofrece,1
anuncia,3
era proveída,1
proveída,1
así mismo relata,1
mismo relata,1
antes habían hecho,1
manifestó aceptar,5
guardar,1
perpetró,51
autodefensasasí,1
galvis,1
llegarona,1
desocupar,15
no accedió,5
terminar afirma,1
renunció,1
así conducirlos,1
compraventa,2
escritura,2
infundían,1
rodríguezy,1
atentará,1
comandó,1
integraron,1
relata queel,1
queel,1
hicieron presencia,2
expandir,1
iniciando,1
referíamos,1
escuchar,2
estaba realizando,1
matando,1
era contrarrestar,1
contrarrestar,1
bloquear,1
era ubicar,1
venía explicando,1
explicando,1
hayan pertenecido,1
desconocer,1
réferi,1
comenzó,2
hubieron,1
entendí,1
también expresé,1
expresé,1
venido,1
venido aceptando,1
también ya explicó,1
ya explicó,1
explicó,1
entraran,1
requisaran,1
digo,1
estamos,1
sucedieron desafortunadamente nunca debían,1
desafortunadamente nunca debían,1
nunca debían,1
debían haber,1
sucedieron desafortunadamente nunca debían haber,1
desafortunadamente nunca debían haber,1
nunca debían haber,1
debían haber pasado,1
haber pasado,1
sucedieron desafortunadamente nunca debían haber pasado,1
desafortunadamente nunca debían haber pasado,1
nunca debían haber pasado,1
aceptando pidiéndole,1
pidiéndole,1
presentar,3
haber desplazado,1
entrenar,1
decide desplazarse,1
ocasiona,1
llegué,2
letra,1
interviene,1
intimidaron,1
admite,2
siguieran tumbando,1
rúamanifestó,1
residenciaron,1
nuevamente recibieron,1
ubicó,1
publicaron,1
distribuyeron,1
consideraron,1
no participo,1
debían venderle,1
debieron dejar,1
refugiaron,2
viéndose,2
venderla,1
origina,1
debe,1
imparte,1
podía ir,1
no podía ir,1
indicaron,1
estar viviendo,2
tocó,2
tocó dejar,2
yéndose,1
retornaron,4
referencia ser,1
amenazaron diciéndole,1
iban asesinar,1
era utilizada,1
utilizada,1
sumergen,1
liberan,1
ser raptado,1
son liberados,1
antes ser,1
ser sindicados,1
sindicados,1
antes ser sindicados,1
reportarte,10
ocultó,1
localizaron,2
provocó,1
desplazará,1
ahí luego arribó,1
luego arribó,1
desencadenaron,1
sindicando,2
salieran saquearon,1
posteriormente regresó,1
agarró,1
debían desocupar,3
gringo,1
reportarte informe,1
exigiéndole,1
era asesinarlo,1
ocuparon,1
además fueron,2
fueron agredidos,1
agredidos,1
además fueron agredidos,1
arriendo,3
hayan reportado,1
despojo,1
expulsaron,2
trasladándose,1
habían negociado,1
antes habían asesinado,1
no dudaron,1
dudaron,1
permitieran,1
permitieran sacar,1
tendrían,1
ya había llegado,1
precise,1
huyéndole,1
estaban localizando,1
localizando,1
era darle,1
entonces era,1
rehusó,2
residió,2
decidieron retornar,1
retornar,3
era hurtado,1
recogía,1
lepra,1
fueron contestadas,1
contestadas,1
debían salir,3
supuestamente era,1
arrebataron,1
resistió,1
despojarlo,1
despojándolos,1
posesiono,1
retiraron,5
desplazan,1
desplazan dejando,1
indio,1
mira,1
despojando,1
presentarse,2
inmediatamente salió,1
luego regresó,1
indicándole,1
no tomarían,1
tomarían,1
ostenta,1
extorsionada,1
cuestionaron,2
marcharse dellugar,1
dellugar,1
durán,2
negó asistir,1
decidió escapar,1
no entrevista,1
comandando,1
logrando salir,1
refiere tengo,1
ya no estaba,1
chocolate,1
aceptamos,1
había asumido,1
asumido,1
reconozco,1
anunciarse,1
ser señaladas,1
sintió,2
no tuve,2
tuve,2
extenderse,1
antes amenazarlos,1
amenazarlos,1
exigirle,1
fueron heredados,1
heredados,1
así mismo aseguró,1
mismo aseguró,1
pedirle,1
fuera reportado,1
canga,1
presentándose,3
hurtarle,2
luego retiraron,1
realizada,1
adueñaron,1
destruirla,1
no logró,1
logró usufructuar,1
usufructuar,1
no logró usufructuar,1
adquirieron,1
cedieron,1
deedgar,1
ordenó desocupar,1
tapiassalieron,1
cesó,2
originando,1
optó,3
igualmente tuvieron,1
fueron denunciados,1
denunciados,1
decidió abandonar,3
apropiándose,3
exigirles,1
entrego,1
convocado,2
no aceptó,1
selló,1
canceló,1
visitado,2
debían marcharse,1
no seguir,1
seguir obedeciendo,1
no seguir obedeciendo,1
118deportación,1
constreñida,1
presionar,2
paramilitar fueron,1
paramilitar fueron liberados,1
desplegó,1
fueron englobados,2
englobados,2
constituyendo,1
fueron registrados,1
registrados,1
estableciéndose,1
resaltando,1
aborda,1
matricula,3
fueron desalojados,1
desalojados,1
suscribir,1
haber firmado,1
firmado,1
antes haber firmado,1
seguir realizando,2
incendió,2
posteriormente retornando,1
retornando,1
podía cumplir,1
no podía cumplir,1
debreiner,1
seguir desembolsando,1
desembolsando,1
127deportación,1
desembolsar,2
128deportación,1
decidieron no cancelar,1
ausentarse,1
131deportación,1
allí realizaron,1
investigaciónpreliminar,1
decide abandonar,1
135deportación,1
habían sido hurtados,1
sido hurtados,1
deuna,1
paisa,1
catalogaron,1
irrumpiendo,2
colocar,1
haber colocado,1
colocado,1
era ganado,1
viviendo allí recibió,1
irrumpir,1
era efectuar,1
efectuar,1
enfrentar,1
desplazando,1
seguidamente señala,1
incendiado,1
propinándole,1
investiga,1
autodefensas,4
debieron salir,2
llevándoselo,1
confirmar,1
donderetuvieron,1
reunidas,1
son retenidas,1
no corre,1
corre,1
corroborar,1
acabando,1
confesiónhernando,1
seguidamente continuaron,1
logrando huir,1
así mismo informa,1
mismo informa,1
así mismo lesionaron,1
mismo lesionaron,1
lesionaron,1
ratifica,1
habían exigido,1
exigido,1
durango,1
otorgaron,2
einforme,2
cobra,6
habían enfrentado,1
enfrentado,1
instalarse,1
cobra desalojaron,1
desalojaron,1
generando,4
169deportación,1
causil,1
avisaron,1
posteriormente arribaron,1
decide trasladarse,1
quemada,2
alacrán,2
perpetro,1
alacrán ordenaron,1
no trasladarse,1
manifiesta haber,1
manifiesta haber sido,1
manifiesta haber sido desplazada,1
haber sido desplazada,2
sido desplazada,2
fueron llamadas,1
llamadas,1
leyó,1
trascurridos,1
completamente destruida,1
destruida,1
incurrió,1
decidieron salir,11
ordenaron realizar,1
decidió marcharse,1
preservar,3
206deportación,1
encontrarían,1
también dieron,1
manifestó haber sido desplazada,1
frecuentaron,1
manifestaron reclutar,1
manifestarle,1
perder,3
incendiarlo,1
no aguantó,1
aguantó,1
ordenaron abandonar,1
no suministrar,1
habían tomado,1
tomado,1
evitando,1
evitando así ser,1
así ser,1
ser relacionado,1
relacionado,1
evitando así ser relacionado,1
así ser relacionado,1
encontraban organizando,1
disponían,1
incendiando,1
decidió presentarse,1
producir,1
escucharse,1
acabar,1
habían escuchado,1
escuchado,1
realmente ingresaron,1
destrozaron,1
sintieron,3
incinerando,1
tomarse,2
transitaron,3
pronuncia,1
responde,1
perdieron,3
incursionar,2
duraron,1
regresado,1
halla inscrita,1
desplazarse perdiendo,1
estaban ingresando,1
luego regresaron,2
haber incinerado,1
habían organizado,2
organizado,2
conocieron,1
así mismo asesinaron,1
mismo asesinaron,1
creando,1
habían incursionado,1
ya habían incursionado,1
nuevamente llegarían,1
llegarían,2
así cometer,1
certificados,6
estaban incursionando,1
arremetió,1
dirigióa,1
había perdido,1
protestaron,1
zaqueada,1
ser utilizado,1
utilizado,1
decide venderlo,1
retorna,2
habían amenazado,1
además expresa,3
requisado,1
confesar,1
compra-venta,1
huye,1
abandono,2
vinieran,1
solo regresa,1
contamos,1
afirma ser,1
sumariamente,1
decide salir,2
habían ultimado,1
laborar,1
prolongó,2
corregimiento,1
generándose,1
consistió,1
había desaparecido,1
además dejó,1
transitoriamente originándose,1
originándose,1
nuevamente hizo,1
debían abandonarla,1
vistiendo uniforme,1
uniforme,1
seguidamente relata,1
suscribieron,1
también estaban,1
estaban saliendo,1
sugirió,1
desplazadas,1
fueron practicadas,1
practicadas,1
no permitieron,1
respeto,1
iban encontrando,1
buscaron,1
paramilitar hizo,1
era arrojado,1
no aparecer,1
aparecer,1
negaron,1
ser transportados,1
existencia,1
enfrentó,2
estaban recibiendo,2
ranchería,1
procedieron causarle,1
dispararle causándole,1
sentir,1
dispararon logrando,1
dispararon logrando así salir,1
logrando así salir,1
así salir,1
paramilitar había,1
paramilitar había asesinado,1
estando ahí preguntaron,1
ahí preguntaron,1
quiera,1
igualmente cuenta,1
ser seguida,1
estaban pasando,1
manifestó haber participado,1
más adelante hacerlo,1
adelante hacerlo,1
hacerlo detener,1
más adelante hacerlo detener,1
adelante hacerlo detener,1
hacerlo detener luego obligaron,1
detener luego obligaron,1
luego obligaron,1
además cuenta,1
suministrarles,1
provocando,1
haber ayudado,1
ayudado,1
capturar,1
pronunció,2
pronunció aceptando,1
expresó,1
no querer,1
querer,1
querer acceder,1
no querer acceder,1
requisarla,1
debían llevar,1
procedieron asesinarlos,1
procedieron asesinarlos sepultando,1
asesinarlos sepultando,1
sepultando,1
estaban haciendo no pudieron,1
haciendo no pudieron,1
pudieron sacar,1
estaban haciendo no pudieron sacar,1
haciendo no pudieron sacar,1
no pudieron sacar,1
requerir,1
satisfacer,1
obligándola,1
pagarles,1
sometiendo,1
despojarse,1
fueron emboscados,1
emboscados,1
hacer parecer,1
había sido cometido,1
sido cometido,1
remolcaron,1
lanzarle,1
allí había,1
luego trasladaron,1
habían obtenido,1
había pactado,1
pactado,1
era asumir,1
asumir,1
después darle,1
finalmente determinaron,1
determinaron,1
salir huyendo,1
vía,1
habían sido acusados,1
sido acusados,1
fueron despojadas,1
despojadas,1
había sido señalada,1
sido señalada,1
brindando,1
adelantaran,1
contrataron,1
estaban cobrando,1
cobrando,1
refirió confesó,1
no 057-2004,1
057-2004,1
observo,1
depreciar,1
había hurtado,1
invadida,1
estaba llevando,2
llevando,2
juicio,1
ocupada,1
interpuso,1
logra huir,1
habían convocado,1
luego aclaró,1
solo regresó,1
decidió acompañarlo,1
acompañarlo,1
eran esperados,1
esperados,1
era tildado,1
visitó,1
desplazó dejando,2
adquirió,1
prohibieron,1
decidió renunciar,1
ya habían ingresado,1
devueltas,1
manteniéndose,1
fueron inscritos,1
inscritos,1
audiencia,1
audiencia preliminar,1
abrió,1
ingiriendo,1
era reconocido,1
iba hacer asesinado,1
hacer asesinado,1
apoyado,1
había sido reclutado,1
sido reclutado,1
fueron reconocidos,1
reconocidos,1
supuestamente había,1
supuestamente había sido,1
había sido hurtado,1
sido hurtado,1
supuestamente había sido hurtado,1
recorriendo,1
además cedió,1
cedió,1
ahí retiraron,1
asesinaron igualmente sucedió,1
igualmente sucedió,1
ordenó instalar,1
venía bajando,1
bajando,1
acabaron,1
era incursionar,1
desarticular,1
así mismo ejercer,1
mismo ejercer,1
atacada,1
saló,1
despidieron,1
además fueron amenazados,1
compraron,1
establecieron,1
posteriormente asesinarlo,1
asesinarlo así mismo dispararon,1
así mismo dispararon,1
mismo dispararon,1
después apareció,1
u03nc-98-015-98,1
confundido,1
licho,1
poder subsistir,1
subsistir,1
duraría,1
reencontró,1
malvendió,1
sindicaban,1
debía desocupar,1
situación,1
calderon,1
dispuso incluir,1
incluir,1
ordenaron detener,1
fueron amenazadas,1
amenazadas,1
allí iban,1
iban recogiendo,1
allí iban recogiendo,1
hicieron esperar,1
también fueron retenidos,1
fueron retenidos dejaron,1
retenidos dejaron,1
también fueron retenidos dejaron,1
hicieron devolver,1
devolver,1
ser liberado,1
luego ser liberado,1
habían generado,1
generado,1
observaron,1
observar,1
suscitaron,1
fueron seleccionando,1
seleccionando,1
prestarle,1
había negado,1
decidió secuestrar,1
secuestrar,1
además desaparecieron,1
conclusión,1
desplazarse dejó,1
instauró,1
legalizarían,1
adecua,1
han satisfecho,1
satisfecho,1
declaren,1
han sido expuestos,1
sido expuestos,1
expuestos,1
legalicen,1
condene,1
